Image Name,Dimensions,Location
frame0.jpg,190 x 190,"(278, 289)"
frame1.jpg,190 x 190,"(278, 286)"
frame10.jpg,190 x 190,"(270, 303)"
frame100.jpg,190 x 190,"(239, 175)"
frame1000.jpg,190 x 190,"(312, 256)"
frame1001.jpg,190 x 190,"(308, 272)"
frame1002.jpg,190 x 190,"(309, 279)"
frame1003.jpg,190 x 190,"(308, 276)"
frame1004.jpg,190 x 190,"(305, 282)"
frame1005.jpg,190 x 190,"(306, 278)"
frame1006.jpg,190 x 190,"(302, 285)"
frame1007.jpg,190 x 190,"(307, 278)"
frame1008.jpg,190 x 190,"(306, 292)"
frame1009.jpg,190 x 190,"(308, 282)"
frame101.jpg,190 x 190,"(249, 120)"
frame1010.jpg,190 x 190,"(301, 281)"
frame1011.jpg,190 x 190,"(307, 277)"
frame1012.jpg,190 x 190,"(302, 283)"
frame1013.jpg,190 x 190,"(308, 278)"
frame1014.jpg,190 x 190,"(307, 284)"
frame1015.jpg,190 x 190,"(306, 279)"
frame1016.jpg,190 x 190,"(302, 283)"
frame1017.jpg,190 x 190,"(303, 274)"
frame1018.jpg,190 x 190,"(304, 276)"
frame1019.jpg,190 x 190,"(305, 274)"
frame102.jpg,190 x 190,"(254, 144)"
frame1020.jpg,190 x 190,"(305, 265)"
frame1021.jpg,190 x 190,"(302, 277)"
frame1022.jpg,190 x 190,"(306, 274)"
frame1023.jpg,190 x 190,"(304, 270)"
frame1024.jpg,190 x 190,"(303, 279)"
frame1025.jpg,190 x 190,"(305, 272)"
frame1026.jpg,190 x 190,"(305, 274)"
frame1027.jpg,190 x 190,"(303, 264)"
frame1028.jpg,190 x 190,"(310, 255)"
frame1029.jpg,190 x 190,"(311, 272)"
frame103.jpg,190 x 190,"(332, 208)"
frame1030.jpg,190 x 190,"(312, 271)"
frame1031.jpg,190 x 190,"(311, 262)"
frame1032.jpg,190 x 190,"(311, 274)"
frame1033.jpg,190 x 190,"(312, 282)"
frame1034.jpg,190 x 190,"(314, 267)"
frame1035.jpg,190 x 190,"(305, 279)"
frame1036.jpg,190 x 190,"(296, 280)"
frame1037.jpg,190 x 190,"(300, 273)"
frame1038.jpg,190 x 190,"(305, 278)"
frame1039.jpg,190 x 190,"(298, 282)"
frame104.jpg,190 x 190,"(342, 237)"
frame1040.jpg,190 x 190,"(303, 276)"
frame1041.jpg,190 x 190,"(305, 280)"
frame1042.jpg,190 x 190,"(303, 287)"
frame1043.jpg,190 x 190,"(300, 281)"
frame1044.jpg,190 x 190,"(295, 282)"
frame1045.jpg,190 x 190,"(298, 287)"
frame1046.jpg,190 x 190,"(303, 285)"
frame1047.jpg,190 x 190,"(309, 269)"
frame1048.jpg,190 x 190,"(307, 281)"
frame1049.jpg,190 x 190,"(307, 277)"
frame105.jpg,190 x 190,"(320, 195)"
frame1050.jpg,190 x 190,"(308, 275)"
frame1051.jpg,190 x 190,"(309, 271)"
frame1052.jpg,190 x 190,"(294, 276)"
frame1053.jpg,190 x 190,"(291, 285)"
frame1054.jpg,190 x 190,"(289, 289)"
frame1055.jpg,190 x 190,"(294, 279)"
frame1056.jpg,190 x 190,"(294, 280)"
frame1057.jpg,190 x 190,"(298, 285)"
frame1058.jpg,190 x 190,"(298, 275)"
frame1059.jpg,190 x 190,"(299, 276)"
frame106.jpg,190 x 190,"(339, 253)"
frame1060.jpg,190 x 190,"(303, 283)"
frame1061.jpg,190 x 190,"(303, 273)"
frame1062.jpg,190 x 190,"(306, 279)"
frame1063.jpg,190 x 190,"(304, 274)"
frame1064.jpg,190 x 190,"(303, 289)"
frame1065.jpg,190 x 190,"(296, 281)"
frame1066.jpg,190 x 190,"(301, 273)"
frame1067.jpg,190 x 190,"(298, 285)"
frame1068.jpg,190 x 190,"(299, 279)"
frame1069.jpg,190 x 190,"(298, 283)"
frame107.jpg,190 x 190,"(320, 234)"
frame1070.jpg,190 x 190,"(297, 279)"
frame1071.jpg,190 x 190,"(303, 283)"
frame1072.jpg,190 x 190,"(305, 268)"
frame1073.jpg,190 x 190,"(306, 274)"
frame1074.jpg,190 x 190,"(300, 281)"
frame1075.jpg,190 x 190,"(305, 286)"
frame1076.jpg,190 x 190,"(307, 281)"
frame1077.jpg,190 x 190,"(305, 280)"
frame1078.jpg,190 x 190,"(300, 282)"
frame1079.jpg,190 x 190,"(304, 281)"
frame108.jpg,190 x 190,"(317, 178)"
frame1080.jpg,190 x 190,"(314, 278)"
frame1081.jpg,190 x 190,"(322, 287)"
frame1082.jpg,190 x 190,"(326, 282)"
frame1083.jpg,190 x 190,"(329, 277)"
frame1084.jpg,190 x 190,"(331, 278)"
frame1085.jpg,190 x 190,"(327, 283)"
frame1086.jpg,190 x 190,"(334, 283)"
frame1087.jpg,190 x 190,"(323, 282)"
frame1088.jpg,190 x 190,"(329, 280)"
frame1089.jpg,190 x 190,"(324, 280)"
frame109.jpg,190 x 190,"(329, 213)"
frame1090.jpg,190 x 190,"(320, 283)"
frame1091.jpg,190 x 190,"(328, 287)"
frame1092.jpg,190 x 190,"(327, 285)"
frame1093.jpg,190 x 190,"(324, 283)"
frame1094.jpg,190 x 190,"(323, 281)"
frame1095.jpg,190 x 190,"(319, 276)"
frame1096.jpg,190 x 190,"(311, 272)"
frame1097.jpg,190 x 190,"(313, 275)"
frame1098.jpg,190 x 190,"(315, 281)"
frame1099.jpg,190 x 190,"(300, 276)"
frame11.jpg,190 x 190,"(271, 283)"
frame110.jpg,190 x 190,"(308, 250)"
frame1100.jpg,190 x 190,"(292, 261)"
frame1101.jpg,190 x 190,"(299, 271)"
frame1102.jpg,190 x 190,"(313, 269)"
frame1103.jpg,190 x 190,"(328, 272)"
frame1104.jpg,190 x 190,"(320, 279)"
frame1105.jpg,190 x 190,"(323, 262)"
frame1106.jpg,190 x 190,"(324, 282)"
frame1107.jpg,190 x 190,"(321, 277)"
frame1108.jpg,190 x 190,"(323, 277)"
frame1109.jpg,190 x 190,"(323, 283)"
frame111.jpg,190 x 190,"(338, 209)"
frame1110.jpg,190 x 190,"(318, 282)"
frame1111.jpg,190 x 190,"(313, 284)"
frame1112.jpg,190 x 190,"(305, 273)"
frame1113.jpg,190 x 190,"(296, 276)"
frame1114.jpg,190 x 190,"(291, 288)"
frame1115.jpg,190 x 190,"(288, 294)"
frame1116.jpg,190 x 190,"(296, 292)"
frame1117.jpg,190 x 190,"(295, 290)"
frame1118.jpg,190 x 190,"(285, 284)"
frame1119.jpg,190 x 190,"(287, 291)"
frame112.jpg,190 x 190,"(317, 193)"
frame1120.jpg,190 x 190,"(295, 285)"
frame1121.jpg,190 x 190,"(294, 286)"
frame1122.jpg,190 x 190,"(293, 287)"
frame1123.jpg,190 x 190,"(290, 277)"
frame1124.jpg,190 x 190,"(287, 279)"
frame1125.jpg,190 x 190,"(290, 286)"
frame1126.jpg,190 x 190,"(287, 280)"
frame1127.jpg,190 x 190,"(287, 281)"
frame1128.jpg,190 x 190,"(293, 285)"
frame1129.jpg,190 x 190,"(295, 276)"
frame113.jpg,190 x 190,"(313, 215)"
frame1130.jpg,190 x 190,"(298, 272)"
frame1131.jpg,190 x 190,"(296, 277)"
frame1132.jpg,190 x 190,"(290, 284)"
frame1133.jpg,190 x 190,"(292, 270)"
frame1134.jpg,190 x 190,"(294, 278)"
frame1135.jpg,190 x 190,"(293, 281)"
frame1136.jpg,190 x 190,"(289, 277)"
frame1137.jpg,190 x 190,"(288, 288)"
frame1138.jpg,190 x 190,"(288, 285)"
frame1139.jpg,190 x 190,"(285, 286)"
frame114.jpg,190 x 190,"(328, 205)"
frame1140.jpg,190 x 190,"(287, 282)"
frame1141.jpg,190 x 190,"(287, 286)"
frame1142.jpg,190 x 190,"(292, 276)"
frame1143.jpg,190 x 190,"(295, 274)"
frame1144.jpg,190 x 190,"(293, 279)"
frame1145.jpg,190 x 190,"(303, 278)"
frame1146.jpg,190 x 190,"(294, 279)"
frame1147.jpg,190 x 190,"(299, 277)"
frame1148.jpg,190 x 190,"(297, 270)"
frame1149.jpg,190 x 190,"(292, 277)"
frame115.jpg,190 x 190,"(322, 162)"
frame1150.jpg,190 x 190,"(302, 258)"
frame1151.jpg,190 x 190,"(304, 271)"
frame1152.jpg,190 x 190,"(300, 283)"
frame1153.jpg,190 x 190,"(299, 276)"
frame1154.jpg,190 x 190,"(297, 279)"
frame1155.jpg,190 x 190,"(293, 281)"
frame1156.jpg,190 x 190,"(296, 286)"
frame1157.jpg,190 x 190,"(299, 285)"
frame1158.jpg,190 x 190,"(303, 291)"
frame1159.jpg,190 x 190,"(300, 286)"
frame116.jpg,190 x 190,"(318, 213)"
frame1160.jpg,190 x 190,"(301, 290)"
frame1161.jpg,190 x 190,"(300, 291)"
frame1162.jpg,190 x 190,"(303, 288)"
frame1163.jpg,190 x 190,"(311, 277)"
frame1164.jpg,190 x 190,"(303, 292)"
frame1165.jpg,190 x 190,"(303, 283)"
frame1166.jpg,190 x 190,"(300, 291)"
frame1167.jpg,190 x 190,"(307, 292)"
frame1168.jpg,190 x 190,"(313, 276)"
frame1169.jpg,190 x 190,"(302, 297)"
frame117.jpg,190 x 190,"(327, 185)"
frame1170.jpg,190 x 190,"(308, 277)"
frame1171.jpg,190 x 190,"(311, 284)"
frame1172.jpg,190 x 190,"(310, 263)"
frame1173.jpg,190 x 190,"(305, 283)"
frame1174.jpg,190 x 190,"(306, 286)"
frame1175.jpg,190 x 190,"(300, 283)"
frame1176.jpg,190 x 190,"(304, 277)"
frame1177.jpg,190 x 190,"(298, 285)"
frame1178.jpg,190 x 190,"(304, 290)"
frame1179.jpg,190 x 190,"(296, 293)"
frame118.jpg,190 x 190,"(359, 142)"
frame1180.jpg,190 x 190,"(297, 293)"
frame1181.jpg,190 x 190,"(296, 289)"
frame1182.jpg,190 x 190,"(302, 278)"
frame1183.jpg,190 x 190,"(304, 287)"
frame1184.jpg,190 x 190,"(299, 290)"
frame1185.jpg,190 x 190,"(302, 268)"
frame1186.jpg,190 x 190,"(298, 283)"
frame1187.jpg,190 x 190,"(305, 271)"
frame1188.jpg,190 x 190,"(307, 271)"
frame1189.jpg,190 x 190,"(304, 267)"
frame119.jpg,190 x 190,"(341, 260)"
frame1190.jpg,190 x 190,"(302, 276)"
frame1191.jpg,190 x 190,"(297, 277)"
frame1192.jpg,190 x 190,"(298, 275)"
frame1193.jpg,190 x 190,"(305, 275)"
frame1194.jpg,190 x 190,"(297, 285)"
frame1195.jpg,190 x 190,"(307, 268)"
frame1196.jpg,190 x 190,"(310, 271)"
frame1197.jpg,190 x 190,"(311, 267)"
frame1198.jpg,190 x 190,"(308, 266)"
frame1199.jpg,190 x 190,"(313, 276)"
frame12.jpg,190 x 190,"(280, 298)"
frame120.jpg,190 x 190,"(340, 257)"
frame1200.jpg,190 x 190,"(308, 274)"
frame1201.jpg,190 x 190,"(314, 264)"
frame1202.jpg,190 x 190,"(304, 263)"
frame1203.jpg,190 x 190,"(315, 269)"
frame1204.jpg,190 x 190,"(314, 270)"
frame1205.jpg,190 x 190,"(306, 271)"
frame1206.jpg,190 x 190,"(312, 250)"
frame1207.jpg,190 x 190,"(312, 259)"
frame1208.jpg,190 x 190,"(313, 259)"
frame1209.jpg,190 x 190,"(316, 274)"
frame121.jpg,190 x 190,"(332, 245)"
frame1210.jpg,190 x 190,"(305, 268)"
frame1211.jpg,190 x 190,"(311, 271)"
frame1212.jpg,190 x 190,"(311, 279)"
frame1213.jpg,190 x 190,"(303, 276)"
frame1214.jpg,190 x 190,"(306, 277)"
frame1215.jpg,190 x 190,"(304, 294)"
frame1216.jpg,190 x 190,"(299, 281)"
frame1217.jpg,190 x 190,"(305, 287)"
frame1218.jpg,190 x 190,"(310, 271)"
frame1219.jpg,190 x 190,"(307, 277)"
frame122.jpg,190 x 190,"(344, 256)"
frame1220.jpg,190 x 190,"(313, 271)"
frame1221.jpg,190 x 190,"(309, 272)"
frame1222.jpg,190 x 190,"(312, 273)"
frame1223.jpg,190 x 190,"(313, 280)"
frame1224.jpg,190 x 190,"(313, 266)"
frame1225.jpg,190 x 190,"(310, 286)"
frame1226.jpg,190 x 190,"(312, 277)"
frame1227.jpg,190 x 190,"(306, 292)"
frame1228.jpg,190 x 190,"(306, 279)"
frame1229.jpg,190 x 190,"(307, 287)"
frame123.jpg,190 x 190,"(352, 270)"
frame1230.jpg,190 x 190,"(301, 294)"
frame1231.jpg,190 x 190,"(298, 288)"
frame1232.jpg,190 x 190,"(298, 285)"
frame1233.jpg,190 x 190,"(304, 292)"
frame1234.jpg,190 x 190,"(305, 294)"
frame1235.jpg,190 x 190,"(311, 288)"
frame1236.jpg,190 x 190,"(306, 287)"
frame1237.jpg,190 x 190,"(311, 295)"
frame1238.jpg,190 x 190,"(309, 286)"
frame1239.jpg,190 x 190,"(311, 273)"
frame124.jpg,190 x 190,"(338, 251)"
frame1240.jpg,190 x 190,"(314, 282)"
frame1241.jpg,190 x 190,"(313, 285)"
frame1242.jpg,190 x 190,"(302, 284)"
frame1243.jpg,190 x 190,"(302, 290)"
frame1244.jpg,190 x 190,"(299, 290)"
frame1245.jpg,190 x 190,"(317, 276)"
frame1246.jpg,190 x 190,"(312, 271)"
frame1247.jpg,190 x 190,"(315, 251)"
frame1248.jpg,190 x 190,"(305, 261)"
frame1249.jpg,190 x 190,"(309, 269)"
frame125.jpg,190 x 190,"(325, 213)"
frame1250.jpg,190 x 190,"(305, 271)"
frame1251.jpg,190 x 190,"(316, 275)"
frame1252.jpg,190 x 190,"(311, 275)"
frame1253.jpg,190 x 190,"(303, 287)"
frame1254.jpg,190 x 190,"(299, 291)"
frame1255.jpg,190 x 190,"(306, 289)"
frame1256.jpg,190 x 190,"(304, 281)"
frame1257.jpg,190 x 190,"(308, 291)"
frame1258.jpg,190 x 190,"(308, 284)"
frame1259.jpg,190 x 190,"(318, 277)"
frame126.jpg,190 x 190,"(343, 192)"
frame1260.jpg,190 x 190,"(319, 278)"
frame1261.jpg,190 x 190,"(307, 281)"
frame1262.jpg,190 x 190,"(304, 281)"
frame1263.jpg,190 x 190,"(302, 268)"
frame1264.jpg,190 x 190,"(297, 274)"
frame1265.jpg,190 x 190,"(296, 273)"
frame1266.jpg,190 x 190,"(304, 270)"
frame1267.jpg,190 x 190,"(308, 262)"
frame1268.jpg,190 x 190,"(308, 258)"
frame1269.jpg,190 x 190,"(309, 261)"
frame127.jpg,190 x 190,"(343, 249)"
frame1270.jpg,190 x 190,"(301, 265)"
frame1271.jpg,190 x 190,"(297, 267)"
frame1272.jpg,190 x 190,"(298, 276)"
frame1273.jpg,190 x 190,"(297, 279)"
frame1274.jpg,190 x 190,"(303, 275)"
frame1275.jpg,190 x 190,"(315, 265)"
frame1276.jpg,190 x 190,"(311, 268)"
frame1277.jpg,190 x 190,"(316, 258)"
frame1278.jpg,190 x 190,"(313, 262)"
frame1279.jpg,190 x 190,"(310, 254)"
frame128.jpg,190 x 190,"(341, 248)"
frame1280.jpg,190 x 190,"(312, 276)"
frame1281.jpg,190 x 190,"(316, 282)"
frame1282.jpg,190 x 190,"(320, 271)"
frame1283.jpg,190 x 190,"(318, 270)"
frame1284.jpg,190 x 190,"(321, 269)"
frame1285.jpg,190 x 190,"(316, 273)"
frame1286.jpg,190 x 190,"(315, 261)"
frame1287.jpg,190 x 190,"(315, 268)"
frame1288.jpg,190 x 190,"(318, 276)"
frame1289.jpg,190 x 190,"(321, 280)"
frame129.jpg,190 x 190,"(350, 241)"
frame1290.jpg,190 x 190,"(323, 267)"
frame1291.jpg,190 x 190,"(322, 277)"
frame1292.jpg,190 x 190,"(325, 284)"
frame1293.jpg,190 x 190,"(312, 286)"
frame1294.jpg,190 x 190,"(306, 286)"
frame1295.jpg,190 x 190,"(291, 278)"
frame1296.jpg,190 x 190,"(301, 264)"
frame1297.jpg,190 x 190,"(301, 270)"
frame1298.jpg,190 x 190,"(298, 285)"
frame1299.jpg,190 x 190,"(295, 263)"
frame13.jpg,190 x 190,"(288, 269)"
frame130.jpg,190 x 190,"(355, 141)"
frame1300.jpg,190 x 190,"(298, 231)"
frame1301.jpg,190 x 190,"(301, 242)"
frame1302.jpg,190 x 190,"(303, 276)"
frame1303.jpg,190 x 190,"(300, 268)"
frame1304.jpg,190 x 190,"(304, 265)"
frame1305.jpg,190 x 190,"(298, 286)"
frame1306.jpg,190 x 190,"(304, 261)"
frame1307.jpg,190 x 190,"(292, 274)"
frame1308.jpg,190 x 190,"(286, 301)"
frame1309.jpg,190 x 190,"(297, 287)"
frame131.jpg,190 x 190,"(356, 200)"
frame1310.jpg,190 x 190,"(299, 293)"
frame1311.jpg,190 x 190,"(297, 297)"
frame1312.jpg,190 x 190,"(296, 289)"
frame1313.jpg,190 x 190,"(299, 279)"
frame1314.jpg,190 x 190,"(299, 273)"
frame1315.jpg,190 x 190,"(301, 277)"
frame1316.jpg,190 x 190,"(299, 285)"
frame1317.jpg,190 x 190,"(298, 288)"
frame1318.jpg,190 x 190,"(290, 296)"
frame1319.jpg,190 x 190,"(289, 290)"
frame132.jpg,190 x 190,"(324, 173)"
frame1320.jpg,190 x 190,"(283, 283)"
frame1321.jpg,190 x 190,"(289, 281)"
frame1322.jpg,190 x 190,"(293, 279)"
frame1323.jpg,190 x 190,"(292, 274)"
frame1324.jpg,190 x 190,"(289, 283)"
frame1325.jpg,190 x 190,"(297, 279)"
frame1326.jpg,190 x 190,"(292, 281)"
frame1327.jpg,190 x 190,"(297, 275)"
frame1328.jpg,190 x 190,"(296, 277)"
frame1329.jpg,190 x 190,"(295, 273)"
frame133.jpg,190 x 190,"(351, 249)"
frame1330.jpg,190 x 190,"(297, 278)"
frame1331.jpg,190 x 190,"(297, 274)"
frame1332.jpg,190 x 190,"(306, 265)"
frame1333.jpg,190 x 190,"(306, 281)"
frame1334.jpg,190 x 190,"(305, 282)"
frame1335.jpg,190 x 190,"(300, 280)"
frame1336.jpg,190 x 190,"(297, 292)"
frame1337.jpg,190 x 190,"(293, 279)"
frame1338.jpg,190 x 190,"(287, 269)"
frame1339.jpg,190 x 190,"(291, 252)"
frame134.jpg,190 x 190,"(335, 109)"
frame1340.jpg,190 x 190,"(285, 251)"
frame1341.jpg,190 x 190,"(282, 274)"
frame1342.jpg,190 x 190,"(289, 275)"
frame1343.jpg,190 x 190,"(293, 268)"
frame1344.jpg,190 x 190,"(294, 283)"
frame1345.jpg,190 x 190,"(306, 267)"
frame1346.jpg,190 x 190,"(308, 274)"
frame1347.jpg,190 x 190,"(301, 289)"
frame1348.jpg,190 x 190,"(302, 286)"
frame1349.jpg,190 x 190,"(305, 285)"
frame135.jpg,190 x 190,"(357, 94)"
frame1350.jpg,190 x 190,"(294, 282)"
frame1351.jpg,190 x 190,"(293, 280)"
frame1352.jpg,190 x 190,"(292, 283)"
frame1353.jpg,190 x 190,"(292, 288)"
frame1354.jpg,190 x 190,"(296, 290)"
frame1355.jpg,190 x 190,"(297, 274)"
frame1356.jpg,190 x 190,"(299, 285)"
frame1357.jpg,190 x 190,"(296, 283)"
frame1358.jpg,190 x 190,"(293, 284)"
frame1359.jpg,190 x 190,"(299, 281)"
frame136.jpg,190 x 190,"(357, 206)"
frame137.jpg,190 x 190,"(367, 217)"
frame138.jpg,190 x 190,"(356, 277)"
frame139.jpg,190 x 190,"(321, 266)"
frame14.jpg,190 x 190,"(291, 263)"
frame140.jpg,190 x 190,"(363, 112)"
frame141.jpg,190 x 190,"(363, 166)"
frame142.jpg,190 x 190,"(385, 80)"
frame143.jpg,190 x 190,"(439, 122)"
frame144.jpg,190 x 190,"(459, 158)"
frame145.jpg,190 x 190,"(403, 238)"
frame146.jpg,190 x 190,"(395, 164)"
frame147.jpg,190 x 190,"(364, 152)"
frame148.jpg,190 x 190,"(387, 108)"
frame149.jpg,190 x 190,"(414, 130)"
frame15.jpg,190 x 190,"(283, 245)"
frame150.jpg,190 x 190,"(424, 171)"
frame151.jpg,190 x 190,"(485, 172)"
frame152.jpg,190 x 190,"(345, 28)"
frame153.jpg,190 x 190,"(414, 22)"
frame156.jpg,190 x 190,"(409, 30)"
frame157.jpg,190 x 190,"(351, 212)"
frame158.jpg,190 x 190,"(279, 138)"
frame159.jpg,190 x 190,"(335, 27)"
frame16.jpg,190 x 190,"(278, 250)"
frame160.jpg,190 x 190,"(308, 6)"
frame161.jpg,190 x 190,"(329, 14)"
frame162.jpg,190 x 190,"(355, 53)"
frame163.jpg,190 x 190,"(248, 367)"
frame164.jpg,190 x 190,"(285, 433)"
frame165.jpg,190 x 190,"(203, 390)"
frame166.jpg,190 x 190,"(130, 155)"
frame167.jpg,190 x 190,"(277, 129)"
frame168.jpg,190 x 190,"(353, 24)"
frame169.jpg,190 x 190,"(345, 105)"
frame17.jpg,190 x 190,"(274, 254)"
frame170.jpg,190 x 190,"(364, 52)"
frame171.jpg,190 x 190,"(362, 81)"
frame172.jpg,190 x 190,"(318, 162)"
frame173.jpg,190 x 190,"(319, 159)"
frame174.jpg,190 x 190,"(319, 216)"
frame175.jpg,190 x 190,"(300, 237)"
frame176.jpg,190 x 190,"(296, 199)"
frame177.jpg,190 x 190,"(332, 193)"
frame178.jpg,190 x 190,"(333, 113)"
frame179.jpg,190 x 190,"(313, 125)"
frame18.jpg,190 x 190,"(268, 287)"
frame180.jpg,190 x 190,"(346, 62)"
frame181.jpg,190 x 190,"(350, 134)"
frame182.jpg,190 x 190,"(335, 53)"
frame183.jpg,190 x 190,"(339, 112)"
frame184.jpg,190 x 190,"(326, 106)"
frame185.jpg,190 x 190,"(299, 88)"
frame186.jpg,190 x 190,"(303, 112)"
frame187.jpg,190 x 190,"(305, 156)"
frame188.jpg,190 x 190,"(298, 200)"
frame189.jpg,190 x 190,"(306, 241)"
frame19.jpg,190 x 190,"(267, 279)"
frame190.jpg,190 x 190,"(316, 265)"
frame191.jpg,190 x 190,"(316, 205)"
frame192.jpg,190 x 190,"(312, 206)"
frame193.jpg,190 x 190,"(303, 191)"
frame194.jpg,190 x 190,"(303, 210)"
frame195.jpg,190 x 190,"(315, 183)"
frame196.jpg,190 x 190,"(310, 183)"
frame197.jpg,190 x 190,"(335, 167)"
frame198.jpg,190 x 190,"(297, 288)"
frame199.jpg,190 x 190,"(313, 182)"
frame2.jpg,190 x 190,"(276, 302)"
frame20.jpg,190 x 190,"(271, 275)"
frame200.jpg,190 x 190,"(301, 97)"
frame201.jpg,190 x 190,"(329, 239)"
frame202.jpg,190 x 190,"(304, 273)"
frame203.jpg,190 x 190,"(318, 257)"
frame204.jpg,190 x 190,"(324, 294)"
frame205.jpg,190 x 190,"(337, 90)"
frame206.jpg,190 x 190,"(348, 72)"
frame207.jpg,190 x 190,"(313, 135)"
frame208.jpg,190 x 190,"(326, 82)"
frame209.jpg,190 x 190,"(340, 115)"
frame21.jpg,190 x 190,"(272, 311)"
frame210.jpg,190 x 190,"(334, 76)"
frame211.jpg,190 x 190,"(297, 67)"
frame212.jpg,190 x 190,"(308, 182)"
frame213.jpg,190 x 190,"(298, 172)"
frame214.jpg,190 x 190,"(299, 150)"
frame215.jpg,190 x 190,"(298, 122)"
frame216.jpg,190 x 190,"(317, 263)"
frame217.jpg,190 x 190,"(326, 267)"
frame218.jpg,190 x 190,"(320, 245)"
frame219.jpg,190 x 190,"(320, 229)"
frame22.jpg,190 x 190,"(270, 314)"
frame220.jpg,190 x 190,"(331, 204)"
frame221.jpg,190 x 190,"(318, 221)"
frame222.jpg,190 x 190,"(310, 221)"
frame223.jpg,190 x 190,"(322, 254)"
frame224.jpg,190 x 190,"(317, 269)"
frame225.jpg,190 x 190,"(323, 246)"
frame226.jpg,190 x 190,"(313, 201)"
frame227.jpg,190 x 190,"(322, 240)"
frame228.jpg,190 x 190,"(331, 225)"
frame229.jpg,190 x 190,"(316, 150)"
frame23.jpg,190 x 190,"(272, 306)"
frame230.jpg,190 x 190,"(318, 181)"
frame231.jpg,190 x 190,"(330, 247)"
frame232.jpg,190 x 190,"(310, 221)"
frame233.jpg,190 x 190,"(319, 129)"
frame234.jpg,190 x 190,"(320, 176)"
frame235.jpg,190 x 190,"(321, 175)"
frame236.jpg,190 x 190,"(301, 184)"
frame237.jpg,190 x 190,"(302, 189)"
frame238.jpg,190 x 190,"(295, 187)"
frame239.jpg,190 x 190,"(289, 177)"
frame24.jpg,190 x 190,"(273, 297)"
frame240.jpg,190 x 190,"(292, 171)"
frame241.jpg,190 x 190,"(292, 164)"
frame242.jpg,190 x 190,"(300, 158)"
frame243.jpg,190 x 190,"(294, 156)"
frame244.jpg,190 x 190,"(293, 162)"
frame245.jpg,190 x 190,"(305, 156)"
frame246.jpg,190 x 190,"(308, 166)"
frame247.jpg,190 x 190,"(307, 181)"
frame248.jpg,190 x 190,"(291, 151)"
frame249.jpg,190 x 190,"(303, 159)"
frame25.jpg,190 x 190,"(264, 296)"
frame250.jpg,190 x 190,"(301, 173)"
frame251.jpg,190 x 190,"(291, 141)"
frame252.jpg,190 x 190,"(286, 144)"
frame253.jpg,190 x 190,"(293, 209)"
frame254.jpg,190 x 190,"(284, 188)"
frame255.jpg,190 x 190,"(268, 199)"
frame256.jpg,190 x 190,"(261, 214)"
frame257.jpg,190 x 190,"(249, 240)"
frame26.jpg,190 x 190,"(268, 291)"
frame260.jpg,190 x 190,"(346, 82)"
frame261.jpg,190 x 190,"(348, 42)"
frame262.jpg,190 x 190,"(323, 120)"
frame263.jpg,190 x 190,"(363, 50)"
frame264.jpg,190 x 190,"(367, 56)"
frame265.jpg,190 x 190,"(309, 76)"
frame266.jpg,190 x 190,"(312, 48)"
frame267.jpg,190 x 190,"(307, 74)"
frame268.jpg,190 x 190,"(303, 84)"
frame269.jpg,190 x 190,"(311, 43)"
frame27.jpg,190 x 190,"(267, 280)"
frame270.jpg,190 x 190,"(296, 86)"
frame271.jpg,190 x 190,"(300, 73)"
frame272.jpg,190 x 190,"(301, 87)"
frame273.jpg,190 x 190,"(299, 54)"
frame274.jpg,190 x 190,"(306, 142)"
frame276.jpg,190 x 190,"(317, 139)"
frame277.jpg,190 x 190,"(310, 28)"
frame278.jpg,190 x 190,"(311, 109)"
frame279.jpg,190 x 190,"(190, 405)"
frame28.jpg,190 x 190,"(257, 298)"
frame280.jpg,190 x 190,"(223, 429)"
frame281.jpg,190 x 190,"(214, 436)"
frame282.jpg,190 x 190,"(239, 464)"
frame283.jpg,190 x 190,"(227, 462)"
frame284.jpg,190 x 190,"(252, 423)"
frame285.jpg,190 x 190,"(266, 173)"
frame286.jpg,190 x 190,"(284, 92)"
frame287.jpg,190 x 190,"(306, 73)"
frame288.jpg,190 x 190,"(309, 85)"
frame289.jpg,190 x 190,"(298, 136)"
frame29.jpg,190 x 190,"(271, 285)"
frame290.jpg,190 x 190,"(308, 267)"
frame291.jpg,190 x 190,"(305, 254)"
frame292.jpg,190 x 190,"(309, 279)"
frame293.jpg,190 x 190,"(336, 277)"
frame294.jpg,190 x 190,"(320, 259)"
frame295.jpg,190 x 190,"(314, 248)"
frame296.jpg,190 x 190,"(334, 245)"
frame297.jpg,190 x 190,"(337, 252)"
frame298.jpg,190 x 190,"(344, 245)"
frame299.jpg,190 x 190,"(322, 256)"
frame3.jpg,190 x 190,"(280, 287)"
frame30.jpg,190 x 190,"(270, 291)"
frame300.jpg,190 x 190,"(326, 255)"
frame301.jpg,190 x 190,"(338, 280)"
frame302.jpg,190 x 190,"(319, 255)"
frame303.jpg,190 x 190,"(346, 269)"
frame304.jpg,190 x 190,"(338, 279)"
frame305.jpg,190 x 190,"(318, 297)"
frame306.jpg,190 x 190,"(328, 267)"
frame307.jpg,190 x 190,"(332, 307)"
frame308.jpg,190 x 190,"(337, 274)"
frame309.jpg,190 x 190,"(319, 262)"
frame31.jpg,190 x 190,"(269, 287)"
frame310.jpg,190 x 190,"(341, 279)"
frame311.jpg,190 x 190,"(333, 280)"
frame312.jpg,190 x 190,"(343, 265)"
frame313.jpg,190 x 190,"(331, 276)"
frame314.jpg,190 x 190,"(331, 260)"
frame315.jpg,190 x 190,"(334, 282)"
frame316.jpg,190 x 190,"(327, 306)"
frame317.jpg,190 x 190,"(330, 301)"
frame318.jpg,190 x 190,"(331, 268)"
frame319.jpg,190 x 190,"(345, 252)"
frame32.jpg,190 x 190,"(276, 300)"
frame320.jpg,190 x 190,"(336, 224)"
frame321.jpg,190 x 190,"(341, 267)"
frame322.jpg,190 x 190,"(334, 245)"
frame323.jpg,190 x 190,"(336, 201)"
frame324.jpg,190 x 190,"(349, 253)"
frame325.jpg,190 x 190,"(343, 198)"
frame326.jpg,190 x 190,"(352, 224)"
frame327.jpg,190 x 190,"(343, 210)"
frame328.jpg,190 x 190,"(351, 219)"
frame329.jpg,190 x 190,"(351, 180)"
frame33.jpg,190 x 190,"(273, 294)"
frame330.jpg,190 x 190,"(340, 192)"
frame331.jpg,190 x 190,"(353, 64)"
frame332.jpg,190 x 190,"(340, 106)"
frame333.jpg,190 x 190,"(348, 199)"
frame334.jpg,190 x 190,"(362, 79)"
frame335.jpg,190 x 190,"(360, 72)"
frame336.jpg,190 x 190,"(369, 112)"
frame337.jpg,190 x 190,"(393, 33)"
frame338.jpg,190 x 190,"(342, 107)"
frame339.jpg,190 x 190,"(313, 144)"
frame34.jpg,190 x 190,"(278, 292)"
frame340.jpg,190 x 190,"(330, 82)"
frame341.jpg,190 x 190,"(354, 25)"
frame342.jpg,190 x 190,"(337, 188)"
frame343.jpg,190 x 190,"(350, 193)"
frame344.jpg,190 x 190,"(355, 36)"
frame345.jpg,190 x 190,"(369, 115)"
frame346.jpg,190 x 190,"(392, 90)"
frame347.jpg,190 x 190,"(368, 88)"
frame348.jpg,190 x 190,"(359, 89)"
frame349.jpg,190 x 190,"(323, 199)"
frame35.jpg,190 x 190,"(280, 287)"
frame350.jpg,190 x 190,"(369, 164)"
frame351.jpg,190 x 190,"(310, 123)"
frame352.jpg,190 x 190,"(327, 68)"
frame353.jpg,190 x 190,"(307, 207)"
frame354.jpg,190 x 190,"(287, 241)"
frame355.jpg,190 x 190,"(307, 272)"
frame356.jpg,190 x 190,"(292, 243)"
frame357.jpg,190 x 190,"(309, 159)"
frame358.jpg,190 x 190,"(315, 102)"
frame359.jpg,190 x 190,"(313, 128)"
frame36.jpg,190 x 190,"(278, 306)"
frame360.jpg,190 x 190,"(313, 138)"
frame361.jpg,190 x 190,"(314, 139)"
frame362.jpg,190 x 190,"(321, 150)"
frame363.jpg,190 x 190,"(322, 170)"
frame364.jpg,190 x 190,"(309, 229)"
frame365.jpg,190 x 190,"(307, 271)"
frame366.jpg,190 x 190,"(308, 190)"
frame367.jpg,190 x 190,"(317, 144)"
frame368.jpg,190 x 190,"(308, 153)"
frame369.jpg,190 x 190,"(316, 104)"
frame37.jpg,190 x 190,"(280, 293)"
frame370.jpg,190 x 190,"(319, 84)"
frame371.jpg,190 x 190,"(302, 162)"
frame372.jpg,190 x 190,"(310, 186)"
frame373.jpg,190 x 190,"(293, 199)"
frame374.jpg,190 x 190,"(303, 181)"
frame375.jpg,190 x 190,"(304, 146)"
frame376.jpg,190 x 190,"(302, 157)"
frame377.jpg,190 x 190,"(294, 203)"
frame378.jpg,190 x 190,"(304, 227)"
frame379.jpg,190 x 190,"(332, 182)"
frame38.jpg,190 x 190,"(284, 286)"
frame380.jpg,190 x 190,"(288, 225)"
frame381.jpg,190 x 190,"(297, 233)"
frame382.jpg,190 x 190,"(314, 176)"
frame383.jpg,190 x 190,"(316, 210)"
frame384.jpg,190 x 190,"(305, 206)"
frame385.jpg,190 x 190,"(307, 250)"
frame386.jpg,190 x 190,"(308, 248)"
frame387.jpg,190 x 190,"(298, 149)"
frame388.jpg,190 x 190,"(318, 181)"
frame389.jpg,190 x 190,"(319, 235)"
frame39.jpg,190 x 190,"(278, 290)"
frame390.jpg,190 x 190,"(295, 230)"
frame391.jpg,190 x 190,"(306, 233)"
frame392.jpg,190 x 190,"(288, 227)"
frame393.jpg,190 x 190,"(307, 280)"
frame394.jpg,190 x 190,"(292, 276)"
frame395.jpg,190 x 190,"(315, 273)"
frame396.jpg,190 x 190,"(307, 272)"
frame397.jpg,190 x 190,"(313, 262)"
frame398.jpg,190 x 190,"(302, 294)"
frame399.jpg,190 x 190,"(301, 262)"
frame4.jpg,190 x 190,"(273, 288)"
frame40.jpg,190 x 190,"(286, 284)"
frame400.jpg,190 x 190,"(305, 226)"
frame401.jpg,190 x 190,"(312, 201)"
frame402.jpg,190 x 190,"(313, 222)"
frame403.jpg,190 x 190,"(301, 242)"
frame404.jpg,190 x 190,"(312, 205)"
frame405.jpg,190 x 190,"(315, 203)"
frame406.jpg,190 x 190,"(308, 200)"
frame407.jpg,190 x 190,"(296, 191)"
frame408.jpg,190 x 190,"(298, 242)"
frame409.jpg,190 x 190,"(291, 278)"
frame41.jpg,190 x 190,"(281, 289)"
frame410.jpg,190 x 190,"(305, 210)"
frame411.jpg,190 x 190,"(296, 265)"
frame412.jpg,190 x 190,"(304, 235)"
frame413.jpg,190 x 190,"(293, 208)"
frame414.jpg,190 x 190,"(293, 232)"
frame415.jpg,190 x 190,"(285, 279)"
frame416.jpg,190 x 190,"(304, 297)"
frame417.jpg,190 x 190,"(307, 251)"
frame418.jpg,190 x 190,"(301, 182)"
frame419.jpg,190 x 190,"(315, 218)"
frame42.jpg,190 x 190,"(279, 296)"
frame420.jpg,190 x 190,"(294, 286)"
frame421.jpg,190 x 190,"(303, 252)"
frame422.jpg,190 x 190,"(309, 224)"
frame423.jpg,190 x 190,"(293, 241)"
frame424.jpg,190 x 190,"(298, 252)"
frame425.jpg,190 x 190,"(314, 239)"
frame426.jpg,190 x 190,"(312, 199)"
frame427.jpg,190 x 190,"(319, 241)"
frame428.jpg,190 x 190,"(313, 229)"
frame429.jpg,190 x 190,"(322, 206)"
frame43.jpg,190 x 190,"(282, 301)"
frame430.jpg,190 x 190,"(315, 272)"
frame431.jpg,190 x 190,"(310, 292)"
frame432.jpg,190 x 190,"(298, 281)"
frame433.jpg,190 x 190,"(293, 297)"
frame434.jpg,190 x 190,"(306, 275)"
frame435.jpg,190 x 190,"(292, 299)"
frame436.jpg,190 x 190,"(296, 267)"
frame437.jpg,190 x 190,"(302, 249)"
frame438.jpg,190 x 190,"(295, 266)"
frame439.jpg,190 x 190,"(300, 253)"
frame44.jpg,190 x 190,"(289, 298)"
frame440.jpg,190 x 190,"(307, 272)"
frame441.jpg,190 x 190,"(307, 277)"
frame442.jpg,190 x 190,"(308, 267)"
frame443.jpg,190 x 190,"(312, 262)"
frame444.jpg,190 x 190,"(312, 238)"
frame445.jpg,190 x 190,"(296, 231)"
frame446.jpg,190 x 190,"(305, 254)"
frame447.jpg,190 x 190,"(301, 253)"
frame448.jpg,190 x 190,"(299, 254)"
frame449.jpg,190 x 190,"(304, 262)"
frame45.jpg,190 x 190,"(286, 299)"
frame450.jpg,190 x 190,"(288, 254)"
frame451.jpg,190 x 190,"(300, 257)"
frame452.jpg,190 x 190,"(296, 264)"
frame453.jpg,190 x 190,"(294, 265)"
frame454.jpg,190 x 190,"(287, 263)"
frame455.jpg,190 x 190,"(287, 264)"
frame456.jpg,190 x 190,"(285, 260)"
frame457.jpg,190 x 190,"(281, 269)"
frame458.jpg,190 x 190,"(288, 261)"
frame459.jpg,190 x 190,"(289, 251)"
frame46.jpg,190 x 190,"(291, 289)"
frame460.jpg,190 x 190,"(287, 261)"
frame461.jpg,190 x 190,"(279, 259)"
frame462.jpg,190 x 190,"(288, 260)"
frame463.jpg,190 x 190,"(294, 255)"
frame464.jpg,190 x 190,"(290, 258)"
frame465.jpg,190 x 190,"(288, 258)"
frame466.jpg,190 x 190,"(289, 266)"
frame467.jpg,190 x 190,"(294, 250)"
frame468.jpg,190 x 190,"(288, 259)"
frame469.jpg,190 x 190,"(294, 276)"
frame47.jpg,190 x 190,"(286, 287)"
frame470.jpg,190 x 190,"(286, 274)"
frame471.jpg,190 x 190,"(291, 289)"
frame472.jpg,190 x 190,"(289, 286)"
frame473.jpg,190 x 190,"(287, 272)"
frame474.jpg,190 x 190,"(286, 270)"
frame475.jpg,190 x 190,"(283, 260)"
frame476.jpg,190 x 190,"(280, 274)"
frame477.jpg,190 x 190,"(285, 259)"
frame478.jpg,190 x 190,"(283, 269)"
frame479.jpg,190 x 190,"(294, 261)"
frame48.jpg,190 x 190,"(284, 279)"
frame480.jpg,190 x 190,"(291, 264)"
frame481.jpg,190 x 190,"(295, 255)"
frame482.jpg,190 x 190,"(288, 273)"
frame483.jpg,190 x 190,"(288, 269)"
frame484.jpg,190 x 190,"(289, 264)"
frame485.jpg,190 x 190,"(284, 267)"
frame486.jpg,190 x 190,"(296, 256)"
frame487.jpg,190 x 190,"(296, 256)"
frame488.jpg,190 x 190,"(289, 273)"
frame489.jpg,190 x 190,"(300, 266)"
frame49.jpg,190 x 190,"(286, 275)"
frame490.jpg,190 x 190,"(293, 290)"
frame491.jpg,190 x 190,"(291, 279)"
frame492.jpg,190 x 190,"(295, 261)"
frame493.jpg,190 x 190,"(284, 278)"
frame494.jpg,190 x 190,"(293, 280)"
frame495.jpg,190 x 190,"(302, 270)"
frame496.jpg,190 x 190,"(299, 268)"
frame497.jpg,190 x 190,"(294, 276)"
frame498.jpg,190 x 190,"(292, 263)"
frame499.jpg,190 x 190,"(291, 279)"
frame5.jpg,190 x 190,"(276, 299)"
frame50.jpg,190 x 190,"(287, 262)"
frame500.jpg,190 x 190,"(296, 251)"
frame501.jpg,190 x 190,"(289, 266)"
frame502.jpg,190 x 190,"(291, 267)"
frame503.jpg,190 x 190,"(285, 274)"
frame504.jpg,190 x 190,"(293, 266)"
frame505.jpg,190 x 190,"(294, 266)"
frame506.jpg,190 x 190,"(286, 249)"
frame507.jpg,190 x 190,"(297, 262)"
frame508.jpg,190 x 190,"(295, 265)"
frame509.jpg,190 x 190,"(298, 215)"
frame51.jpg,190 x 190,"(281, 285)"
frame510.jpg,190 x 190,"(304, 270)"
frame511.jpg,190 x 190,"(295, 181)"
frame512.jpg,190 x 190,"(323, 195)"
frame513.jpg,190 x 190,"(327, 212)"
frame514.jpg,190 x 190,"(343, 122)"
frame515.jpg,190 x 190,"(348, 123)"
frame516.jpg,190 x 190,"(334, 124)"
frame517.jpg,190 x 190,"(336, 185)"
frame518.jpg,190 x 190,"(339, 199)"
frame519.jpg,190 x 190,"(304, 226)"
frame52.jpg,190 x 190,"(276, 283)"
frame520.jpg,190 x 190,"(302, 218)"
frame521(1).jpg,190 x 190,"(301, 210)"
frame521.jpg,190 x 190,"(301, 210)"
frame522(1).jpg,190 x 190,"(296, 211)"
frame522.jpg,190 x 190,"(296, 211)"
frame523(1).jpg,190 x 190,"(312, 165)"
frame523.jpg,190 x 190,"(312, 165)"
frame524(1).jpg,190 x 190,"(303, 231)"
frame524.jpg,190 x 190,"(303, 231)"
frame525(1).jpg,190 x 190,"(300, 196)"
frame525.jpg,190 x 190,"(300, 196)"
frame526(1).jpg,190 x 190,"(319, 269)"
frame526.jpg,190 x 190,"(319, 269)"
frame527(1).jpg,190 x 190,"(318, 196)"
frame527.jpg,190 x 190,"(318, 196)"
frame528(1).jpg,190 x 190,"(329, 204)"
frame528.jpg,190 x 190,"(329, 204)"
frame529(1).jpg,190 x 190,"(334, 172)"
frame529.jpg,190 x 190,"(334, 172)"
frame53(1).jpg,190 x 190,"(277, 282)"
frame53.jpg,190 x 190,"(277, 282)"
frame530.jpg,190 x 190,"(340, 227)"
frame531.jpg,190 x 190,"(329, 212)"
frame532.jpg,190 x 190,"(340, 205)"
frame533.jpg,190 x 190,"(329, 181)"
frame534.jpg,190 x 190,"(321, 164)"
frame535.jpg,190 x 190,"(320, 176)"
frame536.jpg,190 x 190,"(308, 198)"
frame537.jpg,190 x 190,"(293, 235)"
frame538.jpg,190 x 190,"(292, 209)"
frame539.jpg,190 x 190,"(304, 244)"
frame54.jpg,190 x 190,"(273, 289)"
frame540.jpg,190 x 190,"(299, 278)"
frame541.jpg,190 x 190,"(308, 270)"
frame542.jpg,190 x 190,"(312, 276)"
frame543.jpg,190 x 190,"(317, 250)"
frame544.jpg,190 x 190,"(316, 270)"
frame545.jpg,190 x 190,"(312, 241)"
frame546.jpg,190 x 190,"(304, 241)"
frame547.jpg,190 x 190,"(303, 255)"
frame548.jpg,190 x 190,"(286, 269)"
frame549.jpg,190 x 190,"(291, 273)"
frame55.jpg,190 x 190,"(273, 277)"
frame550.jpg,190 x 190,"(304, 268)"
frame551.jpg,190 x 190,"(309, 292)"
frame552.jpg,190 x 190,"(302, 281)"
frame553.jpg,190 x 190,"(300, 284)"
frame554.jpg,190 x 190,"(304, 268)"
frame555.jpg,190 x 190,"(300, 272)"
frame556.jpg,190 x 190,"(302, 274)"
frame557.jpg,190 x 190,"(299, 279)"
frame558.jpg,190 x 190,"(288, 279)"
frame559.jpg,190 x 190,"(295, 269)"
frame56.jpg,190 x 190,"(273, 286)"
frame560.jpg,190 x 190,"(297, 286)"
frame561.jpg,190 x 190,"(296, 260)"
frame562.jpg,190 x 190,"(294, 255)"
frame563.jpg,190 x 190,"(305, 253)"
frame564.jpg,190 x 190,"(305, 265)"
frame565.jpg,190 x 190,"(305, 273)"
frame566.jpg,190 x 190,"(301, 273)"
frame567.jpg,190 x 190,"(296, 271)"
frame568.jpg,190 x 190,"(303, 274)"
frame569.jpg,190 x 190,"(301, 274)"
frame57.jpg,190 x 190,"(273, 292)"
frame570.jpg,190 x 190,"(292, 285)"
frame571.jpg,190 x 190,"(293, 281)"
frame572.jpg,190 x 190,"(289, 273)"
frame573.jpg,190 x 190,"(295, 256)"
frame574.jpg,190 x 190,"(303, 266)"
frame575.jpg,190 x 190,"(289, 270)"
frame576.jpg,190 x 190,"(303, 281)"
frame577.jpg,190 x 190,"(303, 288)"
frame578.jpg,190 x 190,"(306, 288)"
frame579.jpg,190 x 190,"(301, 278)"
frame58.jpg,190 x 190,"(274, 286)"
frame580.jpg,190 x 190,"(296, 272)"
frame581.jpg,190 x 190,"(296, 253)"
frame582.jpg,190 x 190,"(291, 241)"
frame583.jpg,190 x 190,"(295, 237)"
frame584.jpg,190 x 190,"(300, 282)"
frame585.jpg,190 x 190,"(295, 279)"
frame586.jpg,190 x 190,"(287, 276)"
frame587.jpg,190 x 190,"(288, 288)"
frame588.jpg,190 x 190,"(288, 269)"
frame589.jpg,190 x 190,"(295, 277)"
frame59.jpg,190 x 190,"(282, 277)"
frame590.jpg,190 x 190,"(291, 294)"
frame591.jpg,190 x 190,"(294, 277)"
frame592.jpg,190 x 190,"(297, 278)"
frame593.jpg,190 x 190,"(301, 287)"
frame594.jpg,190 x 190,"(289, 287)"
frame595.jpg,190 x 190,"(281, 286)"
frame596.jpg,190 x 190,"(280, 287)"
frame597.jpg,190 x 190,"(274, 284)"
frame598.jpg,190 x 190,"(276, 284)"
frame599.jpg,190 x 190,"(279, 297)"
frame6.jpg,190 x 190,"(267, 311)"
frame60.jpg,190 x 190,"(267, 276)"
frame600.jpg,190 x 190,"(282, 268)"
frame601.jpg,190 x 190,"(286, 273)"
frame602.jpg,190 x 190,"(286, 281)"
frame603.jpg,190 x 190,"(285, 282)"
frame604.jpg,190 x 190,"(286, 293)"
frame605.jpg,190 x 190,"(289, 289)"
frame606.jpg,190 x 190,"(289, 288)"
frame607.jpg,190 x 190,"(284, 289)"
frame608.jpg,190 x 190,"(290, 272)"
frame609.jpg,190 x 190,"(290, 294)"
frame61.jpg,190 x 190,"(272, 265)"
frame610.jpg,190 x 190,"(291, 300)"
frame611.jpg,190 x 190,"(293, 292)"
frame612.jpg,190 x 190,"(294, 286)"
frame613.jpg,190 x 190,"(290, 288)"
frame614.jpg,190 x 190,"(287, 289)"
frame615.jpg,190 x 190,"(283, 299)"
frame616.jpg,190 x 190,"(292, 276)"
frame617.jpg,190 x 190,"(288, 276)"
frame618.jpg,190 x 190,"(294, 270)"
frame619.jpg,190 x 190,"(295, 268)"
frame62.jpg,190 x 190,"(265, 257)"
frame620.jpg,190 x 190,"(299, 273)"
frame621.jpg,190 x 190,"(299, 286)"
frame622.jpg,190 x 190,"(303, 284)"
frame623.jpg,190 x 190,"(303, 287)"
frame624.jpg,190 x 190,"(301, 278)"
frame625.jpg,190 x 190,"(300, 288)"
frame626.jpg,190 x 190,"(300, 276)"
frame627.jpg,190 x 190,"(295, 277)"
frame628.jpg,190 x 190,"(298, 278)"
frame629.jpg,190 x 190,"(302, 268)"
frame63.jpg,190 x 190,"(259, 270)"
frame630.jpg,190 x 190,"(301, 270)"
frame631.jpg,190 x 190,"(296, 268)"
frame632.jpg,190 x 190,"(292, 275)"
frame633.jpg,190 x 190,"(290, 284)"
frame634.jpg,190 x 190,"(298, 283)"
frame635.jpg,190 x 190,"(308, 291)"
frame636.jpg,190 x 190,"(297, 283)"
frame637.jpg,190 x 190,"(302, 268)"
frame638.jpg,190 x 190,"(300, 284)"
frame639.jpg,190 x 190,"(295, 287)"
frame64.jpg,190 x 190,"(253, 260)"
frame640.jpg,190 x 190,"(300, 269)"
frame641.jpg,190 x 190,"(305, 274)"
frame642.jpg,190 x 190,"(298, 278)"
frame643.jpg,190 x 190,"(299, 279)"
frame644.jpg,190 x 190,"(292, 273)"
frame645.jpg,190 x 190,"(295, 277)"
frame646.jpg,190 x 190,"(296, 291)"
frame647.jpg,190 x 190,"(290, 292)"
frame648.jpg,190 x 190,"(294, 288)"
frame649.jpg,190 x 190,"(292, 292)"
frame65.jpg,190 x 190,"(243, 264)"
frame650.jpg,190 x 190,"(288, 290)"
frame651.jpg,190 x 190,"(286, 294)"
frame652.jpg,190 x 190,"(285, 289)"
frame653.jpg,190 x 190,"(285, 293)"
frame654.jpg,190 x 190,"(291, 292)"
frame655.jpg,190 x 190,"(293, 292)"
frame656.jpg,190 x 190,"(287, 288)"
frame657.jpg,190 x 190,"(290, 288)"
frame658.jpg,190 x 190,"(288, 291)"
frame659.jpg,190 x 190,"(285, 288)"
frame66.jpg,190 x 190,"(228, 261)"
frame660.jpg,190 x 190,"(287, 292)"
frame661.jpg,190 x 190,"(292, 291)"
frame662.jpg,190 x 190,"(294, 284)"
frame663.jpg,190 x 190,"(294, 283)"
frame664.jpg,190 x 190,"(291, 278)"
frame665.jpg,190 x 190,"(292, 283)"
frame666.jpg,190 x 190,"(282, 282)"
frame667.jpg,190 x 190,"(290, 285)"
frame668.jpg,190 x 190,"(296, 271)"
frame669.jpg,190 x 190,"(294, 273)"
frame67.jpg,190 x 190,"(217, 261)"
frame670.jpg,190 x 190,"(293, 275)"
frame671.jpg,190 x 190,"(294, 276)"
frame672.jpg,190 x 190,"(302, 276)"
frame673.jpg,190 x 190,"(303, 283)"
frame674.jpg,190 x 190,"(308, 270)"
frame675.jpg,190 x 190,"(303, 275)"
frame676.jpg,190 x 190,"(301, 268)"
frame677.jpg,190 x 190,"(303, 276)"
frame678.jpg,190 x 190,"(299, 293)"
frame679.jpg,190 x 190,"(298, 283)"
frame68.jpg,190 x 190,"(212, 271)"
frame680.jpg,190 x 190,"(299, 283)"
frame681.jpg,190 x 190,"(302, 250)"
frame682.jpg,190 x 190,"(289, 284)"
frame683.jpg,190 x 190,"(286, 277)"
frame684.jpg,190 x 190,"(288, 270)"
frame685.jpg,190 x 190,"(285, 269)"
frame686.jpg,190 x 190,"(292, 261)"
frame687.jpg,190 x 190,"(284, 276)"
frame688.jpg,190 x 190,"(291, 271)"
frame689.jpg,190 x 190,"(295, 275)"
frame69.jpg,190 x 190,"(218, 185)"
frame690.jpg,190 x 190,"(296, 267)"
frame691.jpg,190 x 190,"(297, 267)"
frame692.jpg,190 x 190,"(304, 268)"
frame693.jpg,190 x 190,"(303, 268)"
frame694.jpg,190 x 190,"(309, 277)"
frame695.jpg,190 x 190,"(320, 264)"
frame696.jpg,190 x 190,"(314, 265)"
frame697.jpg,190 x 190,"(306, 265)"
frame698.jpg,190 x 190,"(299, 276)"
frame699.jpg,190 x 190,"(299, 261)"
frame7.jpg,190 x 190,"(282, 303)"
frame700.jpg,190 x 190,"(302, 255)"
frame701.jpg,190 x 190,"(296, 258)"
frame702.jpg,190 x 190,"(298, 269)"
frame703.jpg,190 x 190,"(303, 261)"
frame704.jpg,190 x 190,"(298, 268)"
frame705.jpg,190 x 190,"(290, 274)"
frame706.jpg,190 x 190,"(287, 266)"
frame707.jpg,190 x 190,"(291, 278)"
frame708.jpg,190 x 190,"(283, 282)"
frame709.jpg,190 x 190,"(284, 287)"
frame710.jpg,190 x 190,"(284, 287)"
frame711.jpg,190 x 190,"(296, 286)"
frame712.jpg,190 x 190,"(307, 289)"
frame713.jpg,190 x 190,"(299, 272)"
frame714.jpg,190 x 190,"(293, 267)"
frame715.jpg,190 x 190,"(297, 248)"
frame716.jpg,190 x 190,"(289, 276)"
frame717.jpg,190 x 190,"(290, 275)"
frame718.jpg,190 x 190,"(284, 289)"
frame719.jpg,190 x 190,"(289, 287)"
frame72.jpg,190 x 190,"(366, 46)"
frame720.jpg,190 x 190,"(300, 265)"
frame721.jpg,190 x 190,"(291, 265)"
frame722.jpg,190 x 190,"(290, 283)"
frame723.jpg,190 x 190,"(296, 267)"
frame724.jpg,190 x 190,"(286, 288)"
frame725.jpg,190 x 190,"(287, 266)"
frame726.jpg,190 x 190,"(296, 269)"
frame727.jpg,190 x 190,"(299, 260)"
frame728.jpg,190 x 190,"(305, 239)"
frame729.jpg,190 x 190,"(300, 249)"
frame73.jpg,190 x 190,"(345, 138)"
frame730.jpg,190 x 190,"(290, 288)"
frame731.jpg,190 x 190,"(286, 288)"
frame732.jpg,190 x 190,"(286, 274)"
frame733.jpg,190 x 190,"(293, 273)"
frame734.jpg,190 x 190,"(292, 281)"
frame735.jpg,190 x 190,"(293, 245)"
frame736.jpg,190 x 190,"(296, 244)"
frame737.jpg,190 x 190,"(285, 259)"
frame738.jpg,190 x 190,"(278, 268)"
frame739.jpg,190 x 190,"(284, 262)"
frame74.jpg,190 x 190,"(328, 214)"
frame740.jpg,190 x 190,"(283, 274)"
frame741.jpg,190 x 190,"(282, 269)"
frame742.jpg,190 x 190,"(276, 279)"
frame743.jpg,190 x 190,"(277, 277)"
frame744.jpg,190 x 190,"(282, 274)"
frame745.jpg,190 x 190,"(280, 278)"
frame746.jpg,190 x 190,"(282, 256)"
frame747.jpg,190 x 190,"(287, 264)"
frame748.jpg,190 x 190,"(280, 281)"
frame749.jpg,190 x 190,"(282, 279)"
frame75.jpg,190 x 190,"(309, 165)"
frame750.jpg,190 x 190,"(282, 278)"
frame751.jpg,190 x 190,"(289, 284)"
frame752.jpg,190 x 190,"(289, 282)"
frame753.jpg,190 x 190,"(280, 295)"
frame754.jpg,190 x 190,"(294, 267)"
frame755.jpg,190 x 190,"(300, 279)"
frame756.jpg,190 x 190,"(298, 286)"
frame757.jpg,190 x 190,"(296, 282)"
frame758.jpg,190 x 190,"(297, 293)"
frame759.jpg,190 x 190,"(290, 290)"
frame76.jpg,190 x 190,"(285, 213)"
frame760.jpg,190 x 190,"(290, 273)"
frame761.jpg,190 x 190,"(293, 258)"
frame762.jpg,190 x 190,"(298, 283)"
frame763.jpg,190 x 190,"(297, 282)"
frame764.jpg,190 x 190,"(296, 276)"
frame765.jpg,190 x 190,"(304, 282)"
frame766.jpg,190 x 190,"(304, 273)"
frame767.jpg,190 x 190,"(302, 274)"
frame768.jpg,190 x 190,"(295, 276)"
frame769.jpg,190 x 190,"(293, 278)"
frame77.jpg,190 x 190,"(278, 169)"
frame770.jpg,190 x 190,"(299, 272)"
frame771.jpg,190 x 190,"(294, 289)"
frame772.jpg,190 x 190,"(298, 286)"
frame773.jpg,190 x 190,"(291, 294)"
frame774.jpg,190 x 190,"(289, 291)"
frame775.jpg,190 x 190,"(297, 291)"
frame776.jpg,190 x 190,"(294, 288)"
frame777.jpg,190 x 190,"(287, 282)"
frame778.jpg,190 x 190,"(290, 277)"
frame779.jpg,190 x 190,"(293, 280)"
frame78.jpg,190 x 190,"(282, 140)"
frame780.jpg,190 x 190,"(289, 275)"
frame781.jpg,190 x 190,"(291, 288)"
frame782.jpg,190 x 190,"(297, 270)"
frame783.jpg,190 x 190,"(290, 285)"
frame784.jpg,190 x 190,"(292, 286)"
frame785.jpg,190 x 190,"(292, 287)"
frame786.jpg,190 x 190,"(285, 282)"
frame787.jpg,190 x 190,"(285, 275)"
frame788.jpg,190 x 190,"(284, 252)"
frame789.jpg,190 x 190,"(294, 273)"
frame79.jpg,190 x 190,"(272, 143)"
frame790.jpg,190 x 190,"(291, 286)"
frame791.jpg,190 x 190,"(286, 293)"
frame792.jpg,190 x 190,"(290, 284)"
frame793.jpg,190 x 190,"(287, 299)"
frame794.jpg,190 x 190,"(292, 292)"
frame795.jpg,190 x 190,"(287, 278)"
frame796.jpg,190 x 190,"(285, 268)"
frame797.jpg,190 x 190,"(276, 284)"
frame798.jpg,190 x 190,"(281, 276)"
frame799.jpg,190 x 190,"(290, 276)"
frame8.jpg,190 x 190,"(277, 302)"
frame80.jpg,190 x 190,"(272, 174)"
frame800.jpg,190 x 190,"(295, 255)"
frame801.jpg,190 x 190,"(299, 273)"
frame802.jpg,190 x 190,"(302, 278)"
frame803.jpg,190 x 190,"(314, 276)"
frame804.jpg,190 x 190,"(322, 255)"
frame805.jpg,190 x 190,"(314, 289)"
frame806.jpg,190 x 190,"(320, 270)"
frame807.jpg,190 x 190,"(328, 276)"
frame808.jpg,190 x 190,"(316, 279)"
frame809.jpg,190 x 190,"(315, 269)"
frame81.jpg,190 x 190,"(263, 172)"
frame810.jpg,190 x 190,"(319, 274)"
frame811.jpg,190 x 190,"(309, 278)"
frame812.jpg,190 x 190,"(299, 282)"
frame813.jpg,190 x 190,"(303, 273)"
frame814.jpg,190 x 190,"(303, 268)"
frame815.jpg,190 x 190,"(304, 277)"
frame816.jpg,190 x 190,"(300, 278)"
frame817.jpg,190 x 190,"(298, 268)"
frame818.jpg,190 x 190,"(286, 280)"
frame819.jpg,190 x 190,"(282, 277)"
frame82.jpg,190 x 190,"(262, 152)"
frame820.jpg,190 x 190,"(291, 275)"
frame821.jpg,190 x 190,"(288, 275)"
frame822.jpg,190 x 190,"(293, 267)"
frame823.jpg,190 x 190,"(292, 281)"
frame824.jpg,190 x 190,"(291, 279)"
frame825.jpg,190 x 190,"(287, 280)"
frame826.jpg,190 x 190,"(289, 278)"
frame827.jpg,190 x 190,"(294, 273)"
frame828.jpg,190 x 190,"(296, 273)"
frame829.jpg,190 x 190,"(290, 272)"
frame83.jpg,190 x 190,"(260, 194)"
frame830.jpg,190 x 190,"(298, 269)"
frame831.jpg,190 x 190,"(296, 271)"
frame832.jpg,190 x 190,"(291, 274)"
frame833.jpg,190 x 190,"(290, 272)"
frame834.jpg,190 x 190,"(285, 278)"
frame835.jpg,190 x 190,"(290, 277)"
frame836.jpg,190 x 190,"(286, 266)"
frame837.jpg,190 x 190,"(282, 277)"
frame838.jpg,190 x 190,"(287, 275)"
frame839.jpg,190 x 190,"(290, 283)"
frame84.jpg,190 x 190,"(269, 135)"
frame840.jpg,190 x 190,"(288, 281)"
frame841.jpg,190 x 190,"(289, 275)"
frame842.jpg,190 x 190,"(298, 282)"
frame843.jpg,190 x 190,"(293, 274)"
frame844.jpg,190 x 190,"(301, 280)"
frame845.jpg,190 x 190,"(300, 282)"
frame846.jpg,190 x 190,"(308, 279)"
frame847.jpg,190 x 190,"(299, 280)"
frame848.jpg,190 x 190,"(305, 290)"
frame849.jpg,190 x 190,"(299, 286)"
frame85.jpg,190 x 190,"(245, 222)"
frame850.jpg,190 x 190,"(288, 282)"
frame851.jpg,190 x 190,"(292, 282)"
frame852.jpg,190 x 190,"(293, 284)"
frame853.jpg,190 x 190,"(293, 274)"
frame854.jpg,190 x 190,"(288, 280)"
frame855.jpg,190 x 190,"(293, 280)"
frame856.jpg,190 x 190,"(293, 292)"
frame857.jpg,190 x 190,"(294, 274)"
frame858.jpg,190 x 190,"(294, 283)"
frame859.jpg,190 x 190,"(287, 291)"
frame86.jpg,190 x 190,"(241, 230)"
frame860.jpg,190 x 190,"(291, 274)"
frame861.jpg,190 x 190,"(290, 282)"
frame862.jpg,190 x 190,"(291, 278)"
frame863.jpg,190 x 190,"(295, 283)"
frame864.jpg,190 x 190,"(295, 282)"
frame865.jpg,190 x 190,"(299, 287)"
frame866.jpg,190 x 190,"(296, 285)"
frame867.jpg,190 x 190,"(300, 283)"
frame868.jpg,190 x 190,"(299, 276)"
frame869.jpg,190 x 190,"(300, 285)"
frame87.jpg,190 x 190,"(248, 194)"
frame870.jpg,190 x 190,"(290, 291)"
frame871.jpg,190 x 190,"(290, 280)"
frame872.jpg,190 x 190,"(289, 283)"
frame873.jpg,190 x 190,"(287, 277)"
frame874.jpg,190 x 190,"(302, 275)"
frame875.jpg,190 x 190,"(300, 278)"
frame876.jpg,190 x 190,"(308, 272)"
frame877.jpg,190 x 190,"(303, 276)"
frame878.jpg,190 x 190,"(304, 281)"
frame879.jpg,190 x 190,"(304, 271)"
frame88.jpg,190 x 190,"(242, 160)"
frame880.jpg,190 x 190,"(313, 277)"
frame881.jpg,190 x 190,"(302, 273)"
frame882.jpg,190 x 190,"(301, 275)"
frame883.jpg,190 x 190,"(312, 272)"
frame884.jpg,190 x 190,"(319, 267)"
frame885.jpg,190 x 190,"(317, 265)"
frame886.jpg,190 x 190,"(314, 266)"
frame887.jpg,190 x 190,"(307, 254)"
frame888.jpg,190 x 190,"(311, 271)"
frame889.jpg,190 x 190,"(314, 258)"
frame89.jpg,190 x 190,"(241, 137)"
frame890.jpg,190 x 190,"(321, 263)"
frame891.jpg,190 x 190,"(323, 282)"
frame892.jpg,190 x 190,"(321, 248)"
frame893.jpg,190 x 190,"(321, 256)"
frame894.jpg,190 x 190,"(329, 238)"
frame895.jpg,190 x 190,"(320, 264)"
frame896.jpg,190 x 190,"(319, 261)"
frame897.jpg,190 x 190,"(322, 260)"
frame898.jpg,190 x 190,"(316, 260)"
frame899.jpg,190 x 190,"(307, 266)"
frame9.jpg,190 x 190,"(280, 295)"
frame90.jpg,190 x 190,"(232, 191)"
frame900.jpg,190 x 190,"(314, 257)"
frame901.jpg,190 x 190,"(305, 260)"
frame902.jpg,190 x 190,"(299, 259)"
frame903.jpg,190 x 190,"(308, 274)"
frame904.jpg,190 x 190,"(310, 257)"
frame905.jpg,190 x 190,"(308, 249)"
frame906.jpg,190 x 190,"(315, 265)"
frame907.jpg,190 x 190,"(307, 264)"
frame908.jpg,190 x 190,"(310, 243)"
frame909.jpg,190 x 190,"(307, 236)"
frame91.jpg,190 x 190,"(230, 193)"
frame910.jpg,190 x 190,"(309, 244)"
frame911.jpg,190 x 190,"(302, 261)"
frame912.jpg,190 x 190,"(298, 248)"
frame913.jpg,190 x 190,"(300, 262)"
frame914.jpg,190 x 190,"(304, 255)"
frame915.jpg,190 x 190,"(308, 278)"
frame916.jpg,190 x 190,"(300, 270)"
frame917.jpg,190 x 190,"(280, 270)"
frame918.jpg,190 x 190,"(288, 276)"
frame919.jpg,190 x 190,"(290, 260)"
frame92.jpg,190 x 190,"(232, 188)"
frame920.jpg,190 x 190,"(291, 246)"
frame921.jpg,190 x 190,"(299, 248)"
frame922.jpg,190 x 190,"(304, 276)"
frame923.jpg,190 x 190,"(301, 265)"
frame924.jpg,190 x 190,"(311, 268)"
frame925.jpg,190 x 190,"(308, 266)"
frame926.jpg,190 x 190,"(301, 283)"
frame927.jpg,190 x 190,"(292, 282)"
frame928.jpg,190 x 190,"(293, 271)"
frame929.jpg,190 x 190,"(287, 274)"
frame93.jpg,190 x 190,"(232, 166)"
frame930.jpg,190 x 190,"(293, 280)"
frame931.jpg,190 x 190,"(287, 271)"
frame932.jpg,190 x 190,"(290, 281)"
frame933.jpg,190 x 190,"(283, 271)"
frame934.jpg,190 x 190,"(292, 273)"
frame935.jpg,190 x 190,"(292, 287)"
frame936.jpg,190 x 190,"(278, 292)"
frame937.jpg,190 x 190,"(283, 282)"
frame938.jpg,190 x 190,"(286, 287)"
frame939.jpg,190 x 190,"(280, 294)"
frame94.jpg,190 x 190,"(224, 203)"
frame940.jpg,190 x 190,"(283, 269)"
frame941.jpg,190 x 190,"(289, 261)"
frame942.jpg,190 x 190,"(284, 270)"
frame943.jpg,190 x 190,"(286, 282)"
frame944.jpg,190 x 190,"(289, 288)"
frame945.jpg,190 x 190,"(299, 268)"
frame946.jpg,190 x 190,"(290, 250)"
frame947.jpg,190 x 190,"(304, 271)"
frame948.jpg,190 x 190,"(304, 261)"
frame949.jpg,190 x 190,"(308, 259)"
frame95.jpg,190 x 190,"(203, 253)"
frame950.jpg,190 x 190,"(304, 247)"
frame951.jpg,190 x 190,"(303, 262)"
frame952.jpg,190 x 190,"(303, 273)"
frame953.jpg,190 x 190,"(298, 267)"
frame954.jpg,190 x 190,"(292, 265)"
frame955.jpg,190 x 190,"(295, 276)"
frame956.jpg,190 x 190,"(286, 282)"
frame957.jpg,190 x 190,"(299, 283)"
frame958.jpg,190 x 190,"(292, 298)"
frame959.jpg,190 x 190,"(289, 288)"
frame96.jpg,190 x 190,"(240, 164)"
frame960.jpg,190 x 190,"(286, 303)"
frame961.jpg,190 x 190,"(292, 295)"
frame962.jpg,190 x 190,"(291, 275)"
frame963.jpg,190 x 190,"(284, 288)"
frame964.jpg,190 x 190,"(292, 281)"
frame965.jpg,190 x 190,"(297, 278)"
frame966.jpg,190 x 190,"(297, 287)"
frame967.jpg,190 x 190,"(286, 279)"
frame968.jpg,190 x 190,"(294, 278)"
frame969.jpg,190 x 190,"(301, 284)"
frame97.jpg,190 x 190,"(280, 189)"
frame970.jpg,190 x 190,"(296, 274)"
frame971.jpg,190 x 190,"(302, 287)"
frame972.jpg,190 x 190,"(307, 252)"
frame973.jpg,190 x 190,"(304, 273)"
frame974.jpg,190 x 190,"(311, 284)"
frame975.jpg,190 x 190,"(309, 278)"
frame976.jpg,190 x 190,"(309, 270)"
frame977.jpg,190 x 190,"(302, 284)"
frame978.jpg,190 x 190,"(305, 283)"
frame979.jpg,190 x 190,"(312, 271)"
frame98.jpg,190 x 190,"(255, 127)"
frame980.jpg,190 x 190,"(315, 270)"
frame981.jpg,190 x 190,"(315, 273)"
frame982.jpg,190 x 190,"(305, 273)"
frame983.jpg,190 x 190,"(307, 280)"
frame984.jpg,190 x 190,"(317, 280)"
frame985.jpg,190 x 190,"(307, 279)"
frame986.jpg,190 x 190,"(314, 274)"
frame987.jpg,190 x 190,"(310, 262)"
frame988.jpg,190 x 190,"(309, 284)"
frame989.jpg,190 x 190,"(310, 286)"
frame99.jpg,190 x 190,"(238, 147)"
frame990.jpg,190 x 190,"(318, 292)"
frame991.jpg,190 x 190,"(312, 275)"
frame992.jpg,190 x 190,"(312, 306)"
frame993.jpg,190 x 190,"(315, 272)"
frame994.jpg,190 x 190,"(315, 280)"
frame995.jpg,190 x 190,"(311, 273)"
frame996.jpg,190 x 190,"(310, 269)"
frame997.jpg,190 x 190,"(311, 271)"
frame998.jpg,190 x 190,"(306, 285)"
frame999.jpg,190 x 190,"(307, 278)"
